Model,Target,MSE,PSNR,SSIM,Pearson,HP_MSE,HP_Pearson,Note
Ridge-LP,whole frame,0.01632102206349373,18.96225148391271,0.26962090527286015,0.03184403043144724,,,"LP_SIGMA=3, alpha=1.0"
CNN-HP,high-pass residual,,,,,0.004469986539334059,0.25499063935851707,residual-only evaluation
Ridge-LP + CNN-HP,whole frame,0.015953734517097473,19.11666468045002,0.2872736680942598,0.08385983149785671,,,combined reconstruction
