Model,MSE,PSNR,SSIM,Pearson,Note
OLS,0.022193532437086105,17.732055253685566,0.19316937734055908,0.055493458173707634,
Ridge,0.019452955573797226,18.199125160402527,0.21070403696307174,0.06275240379276256,
Ridge-LP,0.01677270047366619,18.823568443605488,0.2672070009297702,0.03018279896082228,vs LP: SSIM=0.6818
PCA+Ridge,0.01677083969116211,18.787726935761512,0.24499215226897228,0.08572281708706368,
